C3,nC4,nC5,Stage Temperatures
1.809071344890049,1.05405178006717,0.13687687504278045,62.82
1.1123363874771974,1.3722908577274493,0.5153727547953533,87.65
0.602164751329926,1.2841050780080303,1.113730170662044,112.75
0.27566041852995865,1.1466700915825434,1.5776694898874979,137.82
0.09968857324899551,0.7643787414573049,2.1359326852936995,162.68
