C3,nC4,nC5,Stage Temperatures
1.7865720289461176,1.0703659591000987,0.1430620119537838,64.82
1.087834736990184,1.3802206738102425,0.5319445891995738,89.8
0.5837864036035495,1.2812669272093622,1.1349466691870882,114.81
0.2651219191809635,1.128832330263301,1.6060457505557355,139.82
0.0954048128144158,0.7453869214494171,2.1592082657361673,164.8
