C3,nC4,nC5,Stage Temperatures
1.8194386245507201,1.0464468716581263,0.13411450379115328,61.93
1.123720967516092,1.368389070997881,0.507889961486027,86.68
0.6108047768588656,1.2851749741731744,1.1040202489679598,111.83
0.28074206651359956,1.1547567565674535,1.5645011769189474,136.93
0.10170453311805301,0.7728486375685485,2.1254468293133986,161.72
